201808220002,null
201808230002,null
202008100001,master@gangnam1.org
202301250001,gangbuk@syc.seoul.kr
202406250001,gwyouth@gwep.or.kr
202212060001,null
202306210004,null
202006290001,asyouthspace@naver.com
201808290007,null
202007220001,null
201808280009,null
202304170001,null
202403050001,null
202308040001,gyeyangcnmd@naver.com
202309250001,null
202402140001,null
202306280001,null
202306210001,null
201810010002,youthdreamgy@gmail.com
201808220005,sharegj@hanmail.net
201810040003,null
202304060002,gj-youth@naver.com
202304060001,gj-youth@naver.com
202101250001,gjyouthcenter@gjyouthcenter.kr
201808280002,eroom.youth@gmail.com
202105180001,guristartup@guristartup.or.kr
202001220001,gsyouth1555@gmail.com
202307170002,null
202101270001,ieda@ccei.kr
202011170005,gcyouth0@gmail.com
202002140001,guraespace@naver.com
202306090001,gimhaeyouthdaom@gmail.com
201810010003,null
202312210001,namgu2023@gmail.com
202001160001,dreamtown2023@naver.com
201902210005,null
201904290001,null
201909170001,null
202308100001,nwyouthjob@gmail.com
201811060002,null
202312200001,null
201808290002,null
201909090001,dgyc1934@daum.net
201909090002,dgyc1939@daum.net
201909060001,dgyc1939@daum.net
201901140005,lovely0722@korea.kr
201808210006,changup@ccei.kr
201901140004,null
202206100001,null
202012150001,null
201906120001,null
202411270001,diec24@outlook.kr
202212190001,ohrabb@gmail.com
202003090001,mpnaroo@naver.com
201810240001,znfkak41@induk.ac.kr
202006180002,null
202301260001,null
202303230001,null
202101110001,boseongyouth@naver.com
202306210003,null
201901150004,null
202205130002,null
201811060001,null
201808210004,null
202012090002,null
202310260001,onlywonyi@bepa.kr
202408060001,null
202210280001,buanyouthup@gmail.com
202307260001,null
202102260001,null
202201210001,null
202204040001,null
202106210001,null
201811300005,null
202007280003,pimiento78@songpa.go.kr
201808280023,null
201812060006,startup_cs@sba.seoul.kr
202008180001,gangdong@syc.seoul.kr
202008180002,yc_ga@syc.seoul.kr
201901140002,jingu@syc.seoul.kr
201810050004,gc@syc.seoul.kr
202104300001,nworang@syc.seoul.kr
202105030001,ddm@syc.seoul.kr
202103090001,mapo@syc.seoul.kr
202110120001,sc_orang@naver.com
202105030002,sdorang@syc.seoul.kr
202308040002,yangcheon@syc.seoul.kr
202008180003,eporang@syc.seoul.kr
202406040001,seochoyc_24@daum.net
202001160002,snboom@snyouth.or.kr
202012240001,sjnarae2030@naver.com
202111110001,null
202307140001,null
201907310004,null
201811080001,null
201812060001,null
202105130001,null
202310110001,null
202204180001,null
202108180001,null
202005130001,null
202107230001,null
202307050001,null
201810010005,null
202006180001,null
202310050001,null
202201040001,yeonje_2024@naver.com
202103300001,null
201808280005,yg_youngpeople@naver.com
202309250002,yjyouth@dyu.ac.kr
202303030001,ycyouth2022@naver.com
202402270001,yecheon@korea.kr
202211080001,null
202310240002,null
202012110001,null
202011170007,null
202101130002,null
202011170008,null
202103160001,null
202401290003,null
202401290002,null
202407010001,null
202006080001,null
202205130001,inuumc@gmail.com
202003230001,null
202304270001,null
202011230001,null
202204180002,null
202203230001,null
201907300001,null
201808220004,inuumc@gmail.com
201810020003,null
201810010004,null
202005260001,null
201810020002,jobsicn@naver.com
202011170012,null
201902270001,null
202101130001,jeyouth20@naver.com
202009070003,null
201901180001,null
202310260002,null
201903080002,null
202002110001,null
201810050002,office@spacecloud.kr
201808280019,null
201902270002,null
202211290001,ch9002030@daum.net
202307240001,ah2020@korea.kr
201811080002,null
202307190001,null
202310240001,null
201808220008,null
202102250001,nj7987@naver.com
202307190002,null
202401290001,null
202011170002,null
201808290008,null
202009070001,null
202009070002,null
202011170009,null
201808210003,dodream@bepa.kr
202101270002,ulsandidimter@naver.com
202006020001,youthdrak@daum.net
201810010001,null
202007130001,null
202012080001,contact@ddyouth.net
202210310001,null
201905100001,0siheung21@naver.com
201909180001,null
202110260001,null
201907310001,null
201811300002,null
202301060001,null
201811280002,null
201903080001,null
202009210001,null
201808280021,null
201808290006,design_spring@naver.com
201903260001,null
201808280010,cheongchunbb@youthblg.org
202401150002,null
202306210002,null
201811280003,solzzimii@korea.kr
202307170001,ysh1049@korea.kr
201810010006,null
202011170003,null
201808240001,null
201808280015,yeongcheon@korcham.net
201808220010,null
201808240002,null
201808220009,null
202402150001,null
202107280001,null
201808240005,null
202008280001,null
202008310001,womanhouse@womanhouse.or.kr
201901170002,null
201808240004,null
201912040001,null
202308040003,null
202007150001,null
201907310003,cbhope1539@naver.com
201811130001,null
201911040001,null
201912200001,tyseum@naver.com
202207180001,null
202112100001,null
201811060003,null
202011170004,null
201812060002,null
201808280003,null
202304190001,null
202202180001,null
202310170001,null
202403260001,jobhwaseong@korea.kr
202103120001,heyyouth@korea.kr
202401150001,hwasunyouth@naver.com
11,spongging@gmail.com